id,title,author,subject,description,year,language,availability,grade_level
0,Geography Insights #0,Author 0,Geography,A book about Environment for Qatari students.,1999,English,Borrowed,9
1,Science Insights #1,Author 1,Environment,A book about Math for Qatari students.,2016,English,Available,8
2,Science Insights #2,Author 2,Literature,A book about Environment for Qatari students.,1996,English,Available,9
3,Environment Insights #3,Author 3,Science,A book about Environment for Qatari students.,2006,Arabic,Available,10
4,Geography Insights #4,Author 4,Environment,A book about Science for Qatari students.,1994,English,Borrowed,7
5,Science Insights #5,Author 5,Sports,A book about Environment for Qatari students.,2007,Arabic,Borrowed,11
6,Literature Insights #6,Author 6,Geography,A book about Geography for Qatari students.,2018,Arabic,Borrowed,9
7,Literature Insights #7,Author 7,Math,A book about Literature for Qatari students.,2013,Arabic,Available,10
8,Math Insights #8,Author 8,Math,A book about Sports for Qatari students.,1993,English,Borrowed,7
9,Literature Insights #9,Author 9,Science,A book about Science for Qatari students.,1998,Arabic,Borrowed,8
10,Environment Insights #10,Author 10,Math,A book about Literature for Qatari students.,2003,English,Borrowed,11
11,Literature Insights #11,Author 11,Science,A book about Sports for Qatari students.,1991,Arabic,Borrowed,12
12,Geography Insights #12,Author 12,Environment,A book about Sports for Qatari students.,2021,Arabic,Borrowed,10
13,Sports Insights #13,Author 13,Literature,A book about Environment for Qatari students.,1992,English,Borrowed,9
14,Literature Insights #14,Author 14,Science,A book about Math for Qatari students.,2005,English,Available,7
15,Sports Insights #15,Author 15,Science,A book about Science for Qatari students.,2009,Arabic,Available,11
16,Geography Insights #16,Author 16,Literature,A book about Literature for Qatari students.,2012,English,Available,10
17,Environment Insights #17,Author 17,Environment,A book about Literature for Qatari students.,1992,English,Available,8
18,Sports Insights #18,Author 18,Sports,A book about Sports for Qatari students.,2022,English,Available,8
19,Environment Insights #19,Author 19,Environment,A book about Geography for Qatari students.,1999,English,Borrowed,12
20,Science Insights #20,Author 20,Geography,A book about Science for Qatari students.,1999,English,Borrowed,12
21,Math Insights #21,Author 21,Geography,A book about Geography for Qatari students.,1994,English,Available,7
22,Environment Insights #22,Author 22,Math,A book about Science for Qatari students.,2014,English,Borrowed,7
23,Geography Insights #23,Author 23,Science,A book about Sports for Qatari students.,1997,Arabic,Available,7
24,Environment Insights #24,Author 24,Math,A book about Literature for Qatari students.,2018,English,Available,8
25,Sports Insights #25,Author 25,Environment,A book about Science for Qatari students.,2016,Arabic,Borrowed,10
26,Geography Insights #26,Author 26,Sports,A book about Environment for Qatari students.,2011,Arabic,Available,11
27,Literature Insights #27,Author 27,Environment,A book about Math for Qatari students.,2019,Arabic,Available,9
28,Science Insights #28,Author 28,Geography,A book about Math for Qatari students.,2004,Arabic,Borrowed,7
29,Literature Insights #29,Author 29,Sports,A book about Literature for Qatari students.,2015,English,Available,9
30,Science Insights #30,Author 30,Geography,A book about Science for Qatari students.,2012,English,Borrowed,7
31,Math Insights #31,Author 31,Science,A book about Literature for Qatari students.,1992,Arabic,Borrowed,8
32,Literature Insights #32,Author 32,Geography,A book about Math for Qatari students.,2001,Arabic,Available,11
33,Environment Insights #33,Author 33,Science,A book about Literature for Qatari students.,2018,Arabic,Available,9
34,Geography Insights #34,Author 34,Math,A book about Sports for Qatari students.,2002,Arabic,Available,7
35,Sports Insights #35,Author 35,Math,A book about Sports for Qatari students.,2001,Arabic,Borrowed,12
36,Science Insights #36,Author 36,Literature,A book about Math for Qatari students.,2001,English,Available,10
37,Environment Insights #37,Author 37,Science,A book about Environment for Qatari students.,2008,Arabic,Available,7
38,Math Insights #38,Author 38,Sports,A book about Geography for Qatari students.,2019,Arabic,Available,7
39,Math Insights #39,Author 39,Literature,A book about Environment for Qatari students.,2001,English,Borrowed,11
40,Science Insights #40,Author 40,Geography,A book about Environment for Qatari students.,1996,English,Borrowed,9
41,Sports Insights #41,Author 41,Math,A book about Sports for Qatari students.,2010,Arabic,Available,8
42,Math Insights #42,Author 42,Geography,A book about Geography for Qatari students.,2021,Arabic,Available,7
43,Sports Insights #43,Author 43,Math,A book about Environment for Qatari students.,2009,Arabic,Borrowed,11
44,Math Insights #44,Author 44,Science,A book about Literature for Qatari students.,2018,English,Borrowed,10
45,Science Insights #45,Author 45,Sports,A book about Environment for Qatari students.,1994,English,Borrowed,8
46,Science Insights #46,Author 46,Literature,A book about Geography for Qatari students.,2018,English,Available,10
47,Geography Insights #47,Author 47,Math,A book about Literature for Qatari students.,1995,Arabic,Available,7
48,Math Insights #48,Author 48,Sports,A book about Geography for Qatari students.,2018,English,Available,11
49,Sports Insights #49,Author 49,Science,A book about Environment for Qatari students.,1998,English,Borrowed,9
50,Geography Insights #50,Author 50,Geography,A book about Literature for Qatari students.,2012,English,Available,7
51,Science Insights #51,Author 51,Math,A book about Literature for Qatari students.,1990,English,Available,8
52,Math Insights #52,Author 52,Literature,A book about Science for Qatari students.,2020,English,Available,12
53,Geography Insights #53,Author 53,Environment,A book about Sports for Qatari students.,2019,English,Borrowed,11
54,Science Insights #54,Author 54,Literature,A book about Geography for Qatari students.,2021,English,Available,8
55,Environment Insights #55,Author 55,Math,A book about Environment for Qatari students.,1995,English,Available,7
56,Sports Insights #56,Author 56,Math,A book about Environment for Qatari students.,2022,English,Available,9
57,Environment Insights #57,Author 57,Sports,A book about Sports for Qatari students.,1998,English,Borrowed,7
58,Science Insights #58,Author 58,Science,A book about Environment for Qatari students.,1997,English,Borrowed,10
59,Environment Insights #59,Author 59,Literature,A book about Environment for Qatari students.,2016,Arabic,Borrowed,11
60,Literature Insights #60,Author 60,Environment,A book about Geography for Qatari students.,2010,English,Available,10
61,Sports Insights #61,Author 61,Literature,A book about Math for Qatari students.,2014,English,Borrowed,7
62,Math Insights #62,Author 62,Sports,A book about Sports for Qatari students.,2009,Arabic,Available,7
63,Math Insights #63,Author 63,Math,A book about Geography for Qatari students.,1994,English,Available,12
64,Science Insights #64,Author 64,Environment,A book about Sports for Qatari students.,2007,Arabic,Borrowed,12
65,Environment Insights #65,Author 65,Literature,A book about Literature for Qatari students.,2007,Arabic,Available,10
66,Sports Insights #66,Author 66,Literature,A book about Geography for Qatari students.,2014,Arabic,Borrowed,10
67,Math Insights #67,Author 67,Sports,A book about Literature for Qatari students.,2014,Arabic,Borrowed,12
68,Math Insights #68,Author 68,Geography,A book about Science for Qatari students.,2017,Arabic,Borrowed,8
69,Science Insights #69,Author 69,Environment,A book about Literature for Qatari students.,2002,English,Available,10
70,Math Insights #70,Author 70,Math,A book about Math for Qatari students.,2001,English,Borrowed,10
71,Science Insights #71,Author 71,Sports,A book about Geography for Qatari students.,1993,English,Available,11
72,Science Insights #72,Author 72,Literature,A book about Geography for Qatari students.,2002,Arabic,Available,12
73,Environment Insights #73,Author 73,Literature,A book about Environment for Qatari students.,2022,English,Available,9
74,Literature Insights #74,Author 74,Sports,A book about Math for Qatari students.,1995,English,Borrowed,12
75,Sports Insights #75,Author 75,Sports,A book about Sports for Qatari students.,1996,English,Borrowed,8
76,Science Insights #76,Author 76,Literature,A book about Math for Qatari students.,1994,Arabic,Available,10
77,Environment Insights #77,Author 77,Sports,A book about Math for Qatari students.,2008,Arabic,Available,8
78,Environment Insights #78,Author 78,Environment,A book about Sports for Qatari students.,2004,English,Borrowed,10
79,Sports Insights #79,Author 79,Science,A book about Science for Qatari students.,2015,Arabic,Available,9
80,Math Insights #80,Author 80,Math,A book about Literature for Qatari students.,1996,Arabic,Available,12
81,Literature Insights #81,Author 81,Geography,A book about Literature for Qatari students.,1993,Arabic,Available,11
82,Sports Insights #82,Author 82,Literature,A book about Literature for Qatari students.,1992,English,Available,7
83,Math Insights #83,Author 83,Literature,A book about Geography for Qatari students.,2005,Arabic,Borrowed,8
84,Sports Insights #84,Author 84,Geography,A book about Literature for Qatari students.,1995,English,Borrowed,10
85,Sports Insights #85,Author 85,Environment,A book about Environment for Qatari students.,2009,Arabic,Available,9
86,Science Insights #86,Author 86,Math,A book about Sports for Qatari students.,1995,English,Borrowed,7
87,Environment Insights #87,Author 87,Geography,A book about Geography for Qatari students.,2000,English,Available,12
88,Environment Insights #88,Author 88,Literature,A book about Sports for Qatari students.,1999,Arabic,Available,8
89,Literature Insights #89,Author 89,Sports,A book about Sports for Qatari students.,2016,Arabic,Borrowed,9
90,Environment Insights #90,Author 90,Geography,A book about Environment for Qatari students.,1995,Arabic,Borrowed,11
91,Environment Insights #91,Author 91,Environment,A book about Geography for Qatari students.,2014,English,Borrowed,9
92,Math Insights #92,Author 92,Geography,A book about Literature for Qatari students.,1998,English,Available,7
93,Math Insights #93,Author 93,Math,A book about Literature for Qatari students.,1991,English,Available,11
94,Environment Insights #94,Author 94,Math,A book about Science for Qatari students.,2018,Arabic,Borrowed,10
95,Geography Insights #95,Author 95,Math,A book about Sports for Qatari students.,2005,English,Available,9
96,Geography Insights #96,Author 96,Science,A book about Environment for Qatari students.,2000,English,Borrowed,8
97,Math Insights #97,Author 97,Math,A book about Math for Qatari students.,1991,Arabic,Available,10
98,Sports Insights #98,Author 98,Sports,A book about Science for Qatari students.,2022,Arabic,Borrowed,11
99,Geography Insights #99,Author 99,Geography,A book about Sports for Qatari students.,1995,Arabic,Available,11
100,Geography Insights #100,Author 100,Literature,A book about Geography for Qatari students.,2006,Arabic,Available,12
101,Math Insights #101,Author 101,Sports,A book about Literature for Qatari students.,2016,Arabic,Borrowed,11
102,Science Insights #102,Author 102,Math,A book about Science for Qatari students.,2001,Arabic,Borrowed,8
103,Math Insights #103,Author 103,Math,A book about Literature for Qatari students.,1991,English,Borrowed,10
104,Math Insights #104,Author 104,Sports,A book about Literature for Qatari students.,2004,Arabic,Available,10
105,Literature Insights #105,Author 105,Environment,A book about Literature for Qatari students.,1997,Arabic,Borrowed,11
106,Math Insights #106,Author 106,Environment,A book about Geography for Qatari students.,2004,Arabic,Available,12
107,Environment Insights #107,Author 107,Literature,A book about Geography for Qatari students.,2013,Arabic,Available,9
108,Sports Insights #108,Author 108,Literature,A book about Science for Qatari students.,2007,English,Available,12
109,Science Insights #109,Author 109,Math,A book about Science for Qatari students.,2007,English,Available,11
110,Literature Insights #110,Author 110,Environment,A book about Geography for Qatari students.,2021,Arabic,Borrowed,8
111,Geography Insights #111,Author 111,Math,A book about Literature for Qatari students.,2001,Arabic,Borrowed,10
112,Sports Insights #112,Author 112,Math,A book about Sports for Qatari students.,2008,Arabic,Borrowed,8
113,Science Insights #113,Author 113,Sports,A book about Science for Qatari students.,1991,Arabic,Available,12
114,Geography Insights #114,Author 114,Science,A book about Geography for Qatari students.,1995,English,Borrowed,7
115,Geography Insights #115,Author 115,Environment,A book about Literature for Qatari students.,2007,English,Available,8
116,Literature Insights #116,Author 116,Geography,A book about Science for Qatari students.,1998,English,Available,10
117,Science Insights #117,Author 117,Environment,A book about Sports for Qatari students.,2000,English,Borrowed,8
118,Literature Insights #118,Author 118,Science,A book about Math for Qatari students.,2013,English,Available,9
119,Science Insights #119,Author 119,Literature,A book about Science for Qatari students.,2022,English,Available,7
120,Environment Insights #120,Author 120,Sports,A book about Geography for Qatari students.,1999,Arabic,Available,9
121,Science Insights #121,Author 121,Environment,A book about Math for Qatari students.,2008,Arabic,Available,12
122,Math Insights #122,Author 122,Sports,A book about Geography for Qatari students.,2009,Arabic,Borrowed,10
123,Sports Insights #123,Author 123,Math,A book about Science for Qatari students.,1997,Arabic,Borrowed,9
124,Literature Insights #124,Author 124,Sports,A book about Literature for Qatari students.,2014,Arabic,Borrowed,9
125,Math Insights #125,Author 125,Literature,A book about Geography for Qatari students.,2001,Arabic,Borrowed,8
126,Sports Insights #126,Author 126,Literature,A book about Science for Qatari students.,1991,Arabic,Available,11
127,Math Insights #127,Author 127,Sports,A book about Literature for Qatari students.,1991,English,Available,10
128,Geography Insights #128,Author 128,Environment,A book about Sports for Qatari students.,2015,Arabic,Borrowed,7
129,Math Insights #129,Author 129,Math,A book about Math for Qatari students.,2006,Arabic,Available,7
130,Math Insights #130,Author 130,Science,A book about Science for Qatari students.,2010,Arabic,Borrowed,9
131,Math Insights #131,Author 131,Science,A book about Math for Qatari students.,1996,Arabic,Borrowed,12
132,Environment Insights #132,Author 132,Environment,A book about Sports for Qatari students.,2014,Arabic,Available,7
133,Environment Insights #133,Author 133,Literature,A book about Science for Qatari students.,2006,Arabic,Borrowed,7
134,Environment Insights #134,Author 134,Literature,A book about Literature for Qatari students.,1998,English,Borrowed,7
135,Sports Insights #135,Author 135,Geography,A book about Geography for Qatari students.,2004,Arabic,Available,8
136,Geography Insights #136,Author 136,Environment,A book about Literature for Qatari students.,1999,Arabic,Available,7
137,Sports Insights #137,Author 137,Math,A book about Science for Qatari students.,2003,English,Borrowed,12
138,Science Insights #138,Author 138,Environment,A book about Geography for Qatari students.,2000,English,Borrowed,11
139,Environment Insights #139,Author 139,Geography,A book about Science for Qatari students.,2006,English,Available,8
140,Literature Insights #140,Author 140,Sports,A book about Literature for Qatari students.,1996,Arabic,Available,9
141,Sports Insights #141,Author 141,Math,A book about Sports for Qatari students.,2004,Arabic,Available,8
142,Sports Insights #142,Author 142,Sports,A book about Science for Qatari students.,2016,Arabic,Available,9
143,Science Insights #143,Author 143,Sports,A book about Geography for Qatari students.,2002,Arabic,Available,10
144,Environment Insights #144,Author 144,Science,A book about Sports for Qatari students.,1994,English,Available,10
145,Science Insights #145,Author 145,Science,A book about Sports for Qatari students.,2001,English,Available,8
146,Math Insights #146,Author 146,Geography,A book about Science for Qatari students.,2017,English,Borrowed,11
147,Literature Insights #147,Author 147,Math,A book about Geography for Qatari students.,1995,English,Available,9
148,Literature Insights #148,Author 148,Sports,A book about Environment for Qatari students.,2002,English,Available,12
149,Math Insights #149,Author 149,Science,A book about Sports for Qatari students.,2015,English,Borrowed,8
150,Science Insights #150,Author 150,Geography,A book about Environment for Qatari students.,2003,English,Borrowed,7
151,Sports Insights #151,Author 151,Literature,A book about Sports for Qatari students.,2018,English,Available,10
152,Literature Insights #152,Author 152,Science,A book about Geography for Qatari students.,2014,English,Borrowed,12
153,Literature Insights #153,Author 153,Environment,A book about Science for Qatari students.,2002,English,Available,10
154,Sports Insights #154,Author 154,Literature,A book about Science for Qatari students.,2011,Arabic,Available,11
155,Environment Insights #155,Author 155,Math,A book about Literature for Qatari students.,2013,Arabic,Available,9
156,Environment Insights #156,Author 156,Literature,A book about Geography for Qatari students.,2014,Arabic,Available,7
157,Geography Insights #157,Author 157,Science,A book about Sports for Qatari students.,1990,English,Borrowed,7
158,Science Insights #158,Author 158,Sports,A book about Math for Qatari students.,1991,English,Borrowed,8
159,Sports Insights #159,Author 159,Math,A book about Literature for Qatari students.,2009,English,Borrowed,9
160,Math Insights #160,Author 160,Environment,A book about Environment for Qatari students.,2017,Arabic,Available,8
161,Geography Insights #161,Author 161,Science,A book about Geography for Qatari students.,1998,English,Available,7
162,Environment Insights #162,Author 162,Science,A book about Literature for Qatari students.,2005,Arabic,Available,10
163,Geography Insights #163,Author 163,Literature,A book about Math for Qatari students.,1999,English,Available,8
164,Math Insights #164,Author 164,Science,A book about Environment for Qatari students.,2007,Arabic,Borrowed,7
165,Literature Insights #165,Author 165,Math,A book about Environment for Qatari students.,1994,English,Borrowed,12
166,Math Insights #166,Author 166,Sports,A book about Environment for Qatari students.,2000,English,Borrowed,8
167,Science Insights #167,Author 167,Science,A book about Math for Qatari students.,2011,English,Borrowed,12
168,Sports Insights #168,Author 168,Literature,A book about Sports for Qatari students.,2009,Arabic,Available,9
169,Geography Insights #169,Author 169,Geography,A book about Geography for Qatari students.,2014,English,Available,8
170,Geography Insights #170,Author 170,Science,A book about Environment for Qatari students.,2010,English,Borrowed,12
171,Geography Insights #171,Author 171,Math,A book about Literature for Qatari students.,2008,Arabic,Available,12
172,Sports Insights #172,Author 172,Sports,A book about Sports for Qatari students.,2002,Arabic,Borrowed,7
173,Science Insights #173,Author 173,Science,A book about Sports for Qatari students.,2012,Arabic,Borrowed,9
174,Geography Insights #174,Author 174,Sports,A book about Literature for Qatari students.,2002,English,Borrowed,10
175,Literature Insights #175,Author 175,Literature,A book about Geography for Qatari students.,2011,English,Borrowed,11
176,Math Insights #176,Author 176,Sports,A book about Science for Qatari students.,2019,Arabic,Available,12
177,Literature Insights #177,Author 177,Geography,A book about Sports for Qatari students.,2003,Arabic,Available,12
178,Literature Insights #178,Author 178,Math,A book about Math for Qatari students.,2011,Arabic,Available,10
179,Science Insights #179,Author 179,Sports,A book about Geography for Qatari students.,2002,English,Available,10
180,Math Insights #180,Author 180,Literature,A book about Literature for Qatari students.,2006,English,Borrowed,11
181,Environment Insights #181,Author 181,Literature,A book about Science for Qatari students.,2007,Arabic,Available,8
182,Geography Insights #182,Author 182,Science,A book about Literature for Qatari students.,1997,English,Borrowed,10
183,Literature Insights #183,Author 183,Science,A book about Geography for Qatari students.,1991,Arabic,Available,7
184,Sports Insights #184,Author 184,Math,A book about Sports for Qatari students.,2001,Arabic,Borrowed,11
185,Literature Insights #185,Author 185,Science,A book about Literature for Qatari students.,2015,English,Borrowed,10
186,Science Insights #186,Author 186,Geography,A book about Sports for Qatari students.,1991,Arabic,Available,8
187,Sports Insights #187,Author 187,Environment,A book about Literature for Qatari students.,1999,English,Borrowed,7
188,Literature Insights #188,Author 188,Literature,A book about Math for Qatari students.,2020,Arabic,Available,12
189,Environment Insights #189,Author 189,Literature,A book about Math for Qatari students.,2021,English,Available,9
190,Environment Insights #190,Author 190,Science,A book about Environment for Qatari students.,1995,Arabic,Available,9
191,Sports Insights #191,Author 191,Math,A book about Math for Qatari students.,2010,English,Borrowed,8
192,Geography Insights #192,Author 192,Environment,A book about Geography for Qatari students.,2020,English,Borrowed,11
193,Sports Insights #193,Author 193,Sports,A book about Geography for Qatari students.,2006,Arabic,Borrowed,8
194,Environment Insights #194,Author 194,Environment,A book about Environment for Qatari students.,2020,Arabic,Borrowed,9
195,Geography Insights #195,Author 195,Literature,A book about Math for Qatari students.,2017,English,Available,7
196,Science Insights #196,Author 196,Science,A book about Sports for Qatari students.,2010,English,Borrowed,11
197,Geography Insights #197,Author 197,Math,A book about Math for Qatari students.,1996,English,Borrowed,10
198,Literature Insights #198,Author 198,Science,A book about Sports for Qatari students.,2021,Arabic,Available,12
199,Science Insights #199,Author 199,Environment,A book about Science for Qatari students.,2005,English,Borrowed,10
200,Geography Insights #200,Author 200,Sports,A book about Sports for Qatari students.,1997,Arabic,Borrowed,12
201,Science Insights #201,Author 201,Science,A book about Sports for Qatari students.,1992,Arabic,Borrowed,7
202,Environment Insights #202,Author 202,Literature,A book about Sports for Qatari students.,2000,Arabic,Available,10
203,Geography Insights #203,Author 203,Science,A book about Literature for Qatari students.,2019,English,Borrowed,7
204,Geography Insights #204,Author 204,Literature,A book about Science for Qatari students.,2004,English,Available,12
205,Literature Insights #205,Author 205,Sports,A book about Geography for Qatari students.,1995,English,Available,11
206,Sports Insights #206,Author 206,Environment,A book about Sports for Qatari students.,2013,English,Available,8
207,Science Insights #207,Author 207,Literature,A book about Literature for Qatari students.,2019,Arabic,Available,7
208,Sports Insights #208,Author 208,Literature,A book about Math for Qatari students.,2016,Arabic,Available,10
209,Environment Insights #209,Author 209,Science,A book about Geography for Qatari students.,2013,Arabic,Available,10
210,Environment Insights #210,Author 210,Geography,A book about Science for Qatari students.,2001,Arabic,Available,8
211,Science Insights #211,Author 211,Environment,A book about Science for Qatari students.,2011,Arabic,Borrowed,10
212,Science Insights #212,Author 212,Geography,A book about Sports for Qatari students.,2018,Arabic,Available,10
213,Science Insights #213,Author 213,Science,A book about Environment for Qatari students.,2012,English,Borrowed,9
214,Sports Insights #214,Author 214,Science,A book about Sports for Qatari students.,2013,English,Borrowed,7
215,Math Insights #215,Author 215,Science,A book about Environment for Qatari students.,2006,English,Available,7
216,Environment Insights #216,Author 216,Sports,A book about Math for Qatari students.,1997,Arabic,Available,11
217,Math Insights #217,Author 217,Science,A book about Math for Qatari students.,2022,English,Borrowed,11
218,Geography Insights #218,Author 218,Math,A book about Science for Qatari students.,1991,English,Available,11
219,Geography Insights #219,Author 219,Sports,A book about Science for Qatari students.,1992,English,Borrowed,8
220,Literature Insights #220,Author 220,Environment,A book about Math for Qatari students.,1990,English,Available,7
221,Literature Insights #221,Author 221,Environment,A book about Literature for Qatari students.,2019,Arabic,Available,10
222,Science Insights #222,Author 222,Environment,A book about Environment for Qatari students.,2006,Arabic,Borrowed,8
223,Math Insights #223,Author 223,Literature,A book about Sports for Qatari students.,2016,English,Borrowed,12
224,Sports Insights #224,Author 224,Math,A book about Math for Qatari students.,2003,English,Borrowed,7
225,Geography Insights #225,Author 225,Sports,A book about Science for Qatari students.,2018,English,Available,7
226,Literature Insights #226,Author 226,Environment,A book about Geography for Qatari students.,1992,Arabic,Borrowed,9
227,Sports Insights #227,Author 227,Geography,A book about Science for Qatari students.,1991,Arabic,Borrowed,11
228,Sports Insights #228,Author 228,Geography,A book about Sports for Qatari students.,2019,Arabic,Borrowed,7
229,Literature Insights #229,Author 229,Geography,A book about Science for Qatari students.,2011,English,Available,11
230,Environment Insights #230,Author 230,Math,A book about Environment for Qatari students.,1995,Arabic,Available,10
231,Sports Insights #231,Author 231,Sports,A book about Geography for Qatari students.,2004,Arabic,Borrowed,12
232,Environment Insights #232,Author 232,Environment,A book about Environment for Qatari students.,1994,English,Available,7
233,Literature Insights #233,Author 233,Environment,A book about Geography for Qatari students.,1996,Arabic,Borrowed,12
234,Geography Insights #234,Author 234,Geography,A book about Geography for Qatari students.,2021,English,Borrowed,11
235,Math Insights #235,Author 235,Sports,A book about Literature for Qatari students.,2016,Arabic,Borrowed,8
236,Literature Insights #236,Author 236,Literature,A book about Literature for Qatari students.,1990,Arabic,Available,9
237,Environment Insights #237,Author 237,Science,A book about Science for Qatari students.,2018,English,Borrowed,9
238,Geography Insights #238,Author 238,Literature,A book about Literature for Qatari students.,2014,Arabic,Available,12
239,Science Insights #239,Author 239,Sports,A book about Sports for Qatari students.,2014,Arabic,Borrowed,10
240,Geography Insights #240,Author 240,Geography,A book about Science for Qatari students.,1998,English,Available,11
241,Literature Insights #241,Author 241,Geography,A book about Science for Qatari students.,1991,Arabic,Borrowed,12
242,Science Insights #242,Author 242,Geography,A book about Geography for Qatari students.,1994,English,Borrowed,9
243,Math Insights #243,Author 243,Math,A book about Geography for Qatari students.,1993,Arabic,Borrowed,11
244,Math Insights #244,Author 244,Geography,A book about Literature for Qatari students.,2021,English,Borrowed,7
245,Geography Insights #245,Author 245,Science,A book about Math for Qatari students.,2017,Arabic,Available,8
246,Sports Insights #246,Author 246,Science,A book about Math for Qatari students.,2008,Arabic,Available,9
247,Math Insights #247,Author 247,Science,A book about Geography for Qatari students.,2004,English,Available,8
248,Sports Insights #248,Author 248,Literature,A book about Math for Qatari students.,2012,English,Available,11
249,Math Insights #249,Author 249,Science,A book about Science for Qatari students.,2018,Arabic,Borrowed,7
250,Science Insights #250,Author 250,Geography,A book about Science for Qatari students.,1993,Arabic,Available,9
251,Literature Insights #251,Author 251,Math,A book about Literature for Qatari students.,1993,English,Borrowed,12
252,Math Insights #252,Author 252,Sports,A book about Literature for Qatari students.,2012,Arabic,Borrowed,7
253,Literature Insights #253,Author 253,Environment,A book about Science for Qatari students.,2013,English,Borrowed,7
254,Environment Insights #254,Author 254,Science,A book about Geography for Qatari students.,2010,English,Borrowed,8
255,Sports Insights #255,Author 255,Math,A book about Literature for Qatari students.,2012,English,Available,8
256,Sports Insights #256,Author 256,Science,A book about Environment for Qatari students.,2017,Arabic,Available,11
257,Literature Insights #257,Author 257,Geography,A book about Science for Qatari students.,1992,Arabic,Available,8
258,Literature Insights #258,Author 258,Literature,A book about Environment for Qatari students.,1991,English,Available,11
259,Math Insights #259,Author 259,Science,A book about Geography for Qatari students.,2014,Arabic,Available,8
260,Math Insights #260,Author 260,Science,A book about Environment for Qatari students.,2003,Arabic,Borrowed,8
261,Literature Insights #261,Author 261,Math,A book about Sports for Qatari students.,1990,English,Available,12
262,Science Insights #262,Author 262,Geography,A book about Science for Qatari students.,1999,English,Available,9
263,Environment Insights #263,Author 263,Literature,A book about Literature for Qatari students.,1991,English,Borrowed,8
264,Environment Insights #264,Author 264,Math,A book about Math for Qatari students.,2012,Arabic,Available,8
265,Sports Insights #265,Author 265,Science,A book about Math for Qatari students.,2011,Arabic,Available,8
266,Literature Insights #266,Author 266,Science,A book about Geography for Qatari students.,2014,Arabic,Borrowed,11
267,Sports Insights #267,Author 267,Science,A book about Science for Qatari students.,2010,Arabic,Available,9
268,Literature Insights #268,Author 268,Math,A book about Environment for Qatari students.,1994,Arabic,Borrowed,9
269,Literature Insights #269,Author 269,Math,A book about Literature for Qatari students.,2007,English,Borrowed,10
270,Environment Insights #270,Author 270,Geography,A book about Literature for Qatari students.,2016,Arabic,Available,9
271,Science Insights #271,Author 271,Geography,A book about Sports for Qatari students.,1996,English,Available,9
272,Science Insights #272,Author 272,Environment,A book about Science for Qatari students.,1999,Arabic,Borrowed,12
273,Sports Insights #273,Author 273,Sports,A book about Sports for Qatari students.,2013,English,Available,11
274,Environment Insights #274,Author 274,Science,A book about Sports for Qatari students.,2009,Arabic,Available,8
275,Science Insights #275,Author 275,Math,A book about Sports for Qatari students.,2019,English,Borrowed,10
276,Sports Insights #276,Author 276,Sports,A book about Environment for Qatari students.,1993,English,Available,10
277,Math Insights #277,Author 277,Environment,A book about Science for Qatari students.,2018,English,Borrowed,12
278,Math Insights #278,Author 278,Science,A book about Environment for Qatari students.,2015,English,Available,12
279,Geography Insights #279,Author 279,Sports,A book about Geography for Qatari students.,2011,Arabic,Borrowed,10
280,Literature Insights #280,Author 280,Literature,A book about Science for Qatari students.,1999,English,Borrowed,9
281,Math Insights #281,Author 281,Environment,A book about Sports for Qatari students.,1996,English,Available,12
282,Geography Insights #282,Author 282,Literature,A book about Sports for Qatari students.,1998,Arabic,Available,10
283,Literature Insights #283,Author 283,Literature,A book about Math for Qatari students.,2000,Arabic,Borrowed,9
284,Geography Insights #284,Author 284,Geography,A book about Geography for Qatari students.,2002,Arabic,Borrowed,9
285,Literature Insights #285,Author 285,Sports,A book about Sports for Qatari students.,2002,Arabic,Borrowed,8
286,Science Insights #286,Author 286,Literature,A book about Geography for Qatari students.,2010,Arabic,Borrowed,7
287,Sports Insights #287,Author 287,Math,A book about Literature for Qatari students.,1996,English,Borrowed,9
288,Geography Insights #288,Author 288,Sports,A book about Sports for Qatari students.,2001,Arabic,Available,7
289,Geography Insights #289,Author 289,Math,A book about Math for Qatari students.,1995,Arabic,Available,9
290,Math Insights #290,Author 290,Environment,A book about Geography for Qatari students.,2015,Arabic,Available,7
291,Sports Insights #291,Author 291,Science,A book about Science for Qatari students.,1993,Arabic,Available,9
292,Math Insights #292,Author 292,Geography,A book about Sports for Qatari students.,2016,English,Borrowed,7
293,Environment Insights #293,Author 293,Math,A book about Literature for Qatari students.,2002,Arabic,Borrowed,12
294,Sports Insights #294,Author 294,Geography,A book about Sports for Qatari students.,2012,Arabic,Available,12
295,Literature Insights #295,Author 295,Math,A book about Sports for Qatari students.,2011,English,Available,7
296,Environment Insights #296,Author 296,Literature,A book about Geography for Qatari students.,2016,Arabic,Borrowed,11
297,Math Insights #297,Author 297,Geography,A book about Geography for Qatari students.,1991,English,Available,9
298,Science Insights #298,Author 298,Science,A book about Geography for Qatari students.,1994,English,Borrowed,12
299,Math Insights #299,Author 299,Environment,A book about Environment for Qatari students.,1998,Arabic,Borrowed,10
300,Math Insights #300,Author 300,Sports,A book about Science for Qatari students.,2000,Arabic,Borrowed,12
301,Sports Insights #301,Author 301,Science,A book about Environment for Qatari students.,2010,English,Available,8
302,Science Insights #302,Author 302,Science,A book about Literature for Qatari students.,2001,English,Borrowed,11
303,Literature Insights #303,Author 303,Science,A book about Environment for Qatari students.,1993,English,Available,11
304,Environment Insights #304,Author 304,Geography,A book about Literature for Qatari students.,2001,Arabic,Borrowed,12
305,Geography Insights #305,Author 305,Math,A book about Sports for Qatari students.,2021,Arabic,Available,11
306,Sports Insights #306,Author 306,Environment,A book about Environment for Qatari students.,1999,English,Borrowed,11
307,Math Insights #307,Author 307,Science,A book about Literature for Qatari students.,2018,English,Borrowed,7
308,Science Insights #308,Author 308,Geography,A book about Science for Qatari students.,2012,English,Borrowed,11
309,Science Insights #309,Author 309,Sports,A book about Math for Qatari students.,2014,English,Available,9
310,Science Insights #310,Author 310,Geography,A book about Environment for Qatari students.,2004,English,Available,12
311,Sports Insights #311,Author 311,Science,A book about Environment for Qatari students.,2015,Arabic,Borrowed,10
312,Math Insights #312,Author 312,Science,A book about Math for Qatari students.,2021,English,Available,7
313,Literature Insights #313,Author 313,Math,A book about Science for Qatari students.,2015,English,Available,10
314,Math Insights #314,Author 314,Sports,A book about Science for Qatari students.,2005,Arabic,Available,11
315,Sports Insights #315,Author 315,Sports,A book about Math for Qatari students.,2021,Arabic,Borrowed,12
316,Environment Insights #316,Author 316,Science,A book about Science for Qatari students.,1998,English,Borrowed,12
317,Sports Insights #317,Author 317,Geography,A book about Environment for Qatari students.,2011,Arabic,Available,10
318,Environment Insights #318,Author 318,Math,A book about Literature for Qatari students.,1997,English,Borrowed,11
319,Environment Insights #319,Author 319,Math,A book about Literature for Qatari students.,2000,Arabic,Available,11
320,Environment Insights #320,Author 320,Math,A book about Math for Qatari students.,2015,Arabic,Available,11
321,Literature Insights #321,Author 321,Math,A book about Literature for Qatari students.,1999,English,Available,11
322,Geography Insights #322,Author 322,Literature,A book about Math for Qatari students.,2014,Arabic,Available,8
323,Geography Insights #323,Author 323,Science,A book about Math for Qatari students.,2002,English,Available,8
324,Science Insights #324,Author 324,Environment,A book about Sports for Qatari students.,2013,English,Available,12
325,Environment Insights #325,Author 325,Science,A book about Science for Qatari students.,2009,English,Available,8
326,Geography Insights #326,Author 326,Sports,A book about Sports for Qatari students.,2014,Arabic,Borrowed,11
327,Literature Insights #327,Author 327,Math,A book about Science for Qatari students.,2015,Arabic,Available,8
328,Literature Insights #328,Author 328,Math,A book about Geography for Qatari students.,2001,Arabic,Available,11
329,Environment Insights #329,Author 329,Literature,A book about Environment for Qatari students.,1992,English,Available,9
330,Math Insights #330,Author 330,Sports,A book about Environment for Qatari students.,1993,Arabic,Borrowed,11
331,Science Insights #331,Author 331,Environment,A book about Math for Qatari students.,1990,English,Borrowed,9
332,Environment Insights #332,Author 332,Science,A book about Sports for Qatari students.,2000,Arabic,Available,11
333,Literature Insights #333,Author 333,Math,A book about Sports for Qatari students.,2000,English,Available,9
334,Geography Insights #334,Author 334,Literature,A book about Geography for Qatari students.,2001,Arabic,Borrowed,8
335,Sports Insights #335,Author 335,Math,A book about Science for Qatari students.,1994,Arabic,Borrowed,11
336,Environment Insights #336,Author 336,Science,A book about Literature for Qatari students.,1999,Arabic,Borrowed,7
337,Science Insights #337,Author 337,Environment,A book about Sports for Qatari students.,2000,Arabic,Borrowed,11
338,Environment Insights #338,Author 338,Sports,A book about Literature for Qatari students.,2016,English,Borrowed,8
339,Literature Insights #339,Author 339,Math,A book about Science for Qatari students.,2000,English,Borrowed,10
340,Environment Insights #340,Author 340,Science,A book about Literature for Qatari students.,2012,Arabic,Borrowed,12
341,Science Insights #341,Author 341,Math,A book about Literature for Qatari students.,1994,Arabic,Available,8
342,Math Insights #342,Author 342,Literature,A book about Science for Qatari students.,2011,Arabic,Borrowed,8
343,Literature Insights #343,Author 343,Sports,A book about Literature for Qatari students.,1997,English,Available,9
344,Literature Insights #344,Author 344,Literature,A book about Geography for Qatari students.,2006,Arabic,Available,11
345,Sports Insights #345,Author 345,Sports,A book about Environment for Qatari students.,2001,English,Borrowed,11
346,Sports Insights #346,Author 346,Sports,A book about Environment for Qatari students.,2020,English,Borrowed,9
347,Literature Insights #347,Author 347,Science,A book about Geography for Qatari students.,2014,English,Borrowed,9
348,Sports Insights #348,Author 348,Sports,A book about Math for Qatari students.,2011,Arabic,Borrowed,11
349,Math Insights #349,Author 349,Environment,A book about Geography for Qatari students.,2007,Arabic,Borrowed,9
350,Math Insights #350,Author 350,Sports,A book about Environment for Qatari students.,2014,English,Borrowed,9
351,Science Insights #351,Author 351,Geography,A book about Sports for Qatari students.,2006,English,Borrowed,7
352,Sports Insights #352,Author 352,Geography,A book about Literature for Qatari students.,2002,English,Borrowed,9
353,Geography Insights #353,Author 353,Math,A book about Sports for Qatari students.,2010,English,Available,11
354,Literature Insights #354,Author 354,Literature,A book about Literature for Qatari students.,1993,English,Available,7
355,Environment Insights #355,Author 355,Sports,A book about Sports for Qatari students.,2015,Arabic,Borrowed,12
356,Science Insights #356,Author 356,Literature,A book about Math for Qatari students.,2019,English,Borrowed,12
357,Literature Insights #357,Author 357,Science,A book about Environment for Qatari students.,2004,Arabic,Borrowed,11
358,Literature Insights #358,Author 358,Science,A book about Environment for Qatari students.,2008,English,Available,11
359,Sports Insights #359,Author 359,Environment,A book about Science for Qatari students.,2012,English,Borrowed,7
360,Literature Insights #360,Author 360,Geography,A book about Environment for Qatari students.,2007,Arabic,Borrowed,7
361,Environment Insights #361,Author 361,Geography,A book about Environment for Qatari students.,1997,English,Borrowed,11
362,Sports Insights #362,Author 362,Sports,A book about Literature for Qatari students.,2013,Arabic,Available,11
363,Geography Insights #363,Author 363,Geography,A book about Science for Qatari students.,1997,English,Available,11
364,Math Insights #364,Author 364,Sports,A book about Geography for Qatari students.,2015,English,Borrowed,7
365,Literature Insights #365,Author 365,Literature,A book about Environment for Qatari students.,1993,English,Available,12
366,Math Insights #366,Author 366,Science,A book about Math for Qatari students.,2008,Arabic,Available,9
367,Geography Insights #367,Author 367,Environment,A book about Science for Qatari students.,2004,English,Borrowed,11
368,Literature Insights #368,Author 368,Math,A book about Math for Qatari students.,1993,English,Borrowed,8
369,Sports Insights #369,Author 369,Math,A book about Math for Qatari students.,2004,English,Borrowed,12
370,Science Insights #370,Author 370,Geography,A book about Environment for Qatari students.,1997,English,Available,12
371,Literature Insights #371,Author 371,Environment,A book about Math for Qatari students.,2011,English,Available,12
372,Sports Insights #372,Author 372,Environment,A book about Sports for Qatari students.,2022,English,Available,10
373,Geography Insights #373,Author 373,Science,A book about Science for Qatari students.,2009,Arabic,Borrowed,11
374,Sports Insights #374,Author 374,Math,A book about Environment for Qatari students.,2005,English,Borrowed,11
375,Science Insights #375,Author 375,Geography,A book about Environment for Qatari students.,1996,Arabic,Borrowed,8
376,Geography Insights #376,Author 376,Literature,A book about Geography for Qatari students.,1994,Arabic,Borrowed,8
377,Environment Insights #377,Author 377,Math,A book about Math for Qatari students.,1998,English,Borrowed,9
378,Science Insights #378,Author 378,Geography,A book about Literature for Qatari students.,1998,Arabic,Available,9
379,Science Insights #379,Author 379,Environment,A book about Literature for Qatari students.,1999,Arabic,Borrowed,11
380,Sports Insights #380,Author 380,Science,A book about Literature for Qatari students.,2000,English,Borrowed,11
381,Environment Insights #381,Author 381,Literature,A book about Math for Qatari students.,2013,Arabic,Available,11
382,Science Insights #382,Author 382,Geography,A book about Environment for Qatari students.,1992,English,Borrowed,11
383,Sports Insights #383,Author 383,Literature,A book about Science for Qatari students.,2011,English,Borrowed,12
384,Geography Insights #384,Author 384,Environment,A book about Literature for Qatari students.,2000,English,Borrowed,10
385,Literature Insights #385,Author 385,Geography,A book about Literature for Qatari students.,1998,Arabic,Available,11
386,Literature Insights #386,Author 386,Environment,A book about Math for Qatari students.,1998,English,Borrowed,8
387,Math Insights #387,Author 387,Geography,A book about Math for Qatari students.,1994,Arabic,Available,7
388,Science Insights #388,Author 388,Environment,A book about Geography for Qatari students.,1995,English,Borrowed,10
389,Math Insights #389,Author 389,Sports,A book about Math for Qatari students.,1999,Arabic,Available,12
390,Environment Insights #390,Author 390,Science,A book about Math for Qatari students.,2011,English,Available,8
391,Sports Insights #391,Author 391,Sports,A book about Geography for Qatari students.,2008,English,Available,12
392,Literature Insights #392,Author 392,Geography,A book about Math for Qatari students.,2005,Arabic,Borrowed,8
393,Literature Insights #393,Author 393,Environment,A book about Literature for Qatari students.,2019,English,Available,9
394,Geography Insights #394,Author 394,Math,A book about Math for Qatari students.,2000,Arabic,Available,10
395,Math Insights #395,Author 395,Geography,A book about Literature for Qatari students.,2016,Arabic,Available,7
396,Science Insights #396,Author 396,Math,A book about Sports for Qatari students.,2008,English,Borrowed,9
397,Science Insights #397,Author 397,Environment,A book about Geography for Qatari students.,2005,Arabic,Available,8
398,Math Insights #398,Author 398,Environment,A book about Math for Qatari students.,1992,Arabic,Borrowed,11
399,Sports Insights #399,Author 399,Science,A book about Literature for Qatari students.,2013,English,Borrowed,12
400,Literature Insights #400,Author 400,Math,A book about Math for Qatari students.,2008,English,Borrowed,8
401,Environment Insights #401,Author 401,Math,A book about Sports for Qatari students.,2004,English,Borrowed,12
402,Science Insights #402,Author 402,Math,A book about Geography for Qatari students.,2012,English,Available,12
403,Literature Insights #403,Author 403,Math,A book about Sports for Qatari students.,1992,English,Borrowed,8
404,Environment Insights #404,Author 404,Geography,A book about Environment for Qatari students.,2011,Arabic,Available,8
405,Science Insights #405,Author 405,Sports,A book about Environment for Qatari students.,2017,English,Available,8
406,Sports Insights #406,Author 406,Math,A book about Geography for Qatari students.,2015,English,Available,7
407,Geography Insights #407,Author 407,Literature,A book about Math for Qatari students.,1995,Arabic,Borrowed,11
408,Environment Insights #408,Author 408,Math,A book about Geography for Qatari students.,2021,Arabic,Borrowed,8
409,Science Insights #409,Author 409,Literature,A book about Science for Qatari students.,2009,Arabic,Borrowed,10
410,Sports Insights #410,Author 410,Geography,A book about Math for Qatari students.,1997,English,Borrowed,7
411,Literature Insights #411,Author 411,Geography,A book about Literature for Qatari students.,2009,Arabic,Borrowed,7
412,Science Insights #412,Author 412,Science,A book about Math for Qatari students.,2004,English,Borrowed,12
413,Math Insights #413,Author 413,Literature,A book about Geography for Qatari students.,2004,English,Available,8
414,Sports Insights #414,Author 414,Geography,A book about Science for Qatari students.,2006,English,Available,9
415,Science Insights #415,Author 415,Math,A book about Science for Qatari students.,2016,Arabic,Available,10
416,Geography Insights #416,Author 416,Sports,A book about Geography for Qatari students.,1995,English,Available,7
417,Environment Insights #417,Author 417,Sports,A book about Geography for Qatari students.,2015,Arabic,Borrowed,8
418,Science Insights #418,Author 418,Sports,A book about Math for Qatari students.,1996,Arabic,Available,8
419,Environment Insights #419,Author 419,Science,A book about Environment for Qatari students.,2002,English,Borrowed,11
420,Science Insights #420,Author 420,Environment,A book about Sports for Qatari students.,2008,English,Available,12
421,Science Insights #421,Author 421,Geography,A book about Science for Qatari students.,2018,Arabic,Borrowed,11
422,Sports Insights #422,Author 422,Geography,A book about Geography for Qatari students.,2003,Arabic,Available,12
423,Sports Insights #423,Author 423,Literature,A book about Math for Qatari students.,2001,English,Available,12
424,Environment Insights #424,Author 424,Science,A book about Environment for Qatari students.,2021,Arabic,Available,7
425,Geography Insights #425,Author 425,Literature,A book about Sports for Qatari students.,2012,Arabic,Borrowed,7
426,Sports Insights #426,Author 426,Literature,A book about Sports for Qatari students.,1995,Arabic,Borrowed,12
427,Math Insights #427,Author 427,Geography,A book about Literature for Qatari students.,2012,English,Available,9
428,Math Insights #428,Author 428,Sports,A book about Geography for Qatari students.,2004,Arabic,Available,9
429,Science Insights #429,Author 429,Environment,A book about Math for Qatari students.,2013,Arabic,Borrowed,10
430,Environment Insights #430,Author 430,Literature,A book about Literature for Qatari students.,2005,English,Borrowed,11
431,Math Insights #431,Author 431,Literature,A book about Geography for Qatari students.,2018,Arabic,Available,9
432,Environment Insights #432,Author 432,Math,A book about Math for Qatari students.,1992,Arabic,Borrowed,9
433,Environment Insights #433,Author 433,Geography,A book about Math for Qatari students.,2022,Arabic,Available,11
434,Literature Insights #434,Author 434,Geography,A book about Geography for Qatari students.,2003,English,Borrowed,12
435,Environment Insights #435,Author 435,Science,A book about Sports for Qatari students.,2000,Arabic,Borrowed,8
436,Sports Insights #436,Author 436,Environment,A book about Science for Qatari students.,2009,English,Borrowed,10
437,Geography Insights #437,Author 437,Geography,A book about Science for Qatari students.,2010,Arabic,Available,7
438,Environment Insights #438,Author 438,Science,A book about Science for Qatari students.,2001,Arabic,Available,8
439,Science Insights #439,Author 439,Environment,A book about Science for Qatari students.,1991,Arabic,Available,10
440,Science Insights #440,Author 440,Math,A book about Math for Qatari students.,2008,Arabic,Available,10
441,Science Insights #441,Author 441,Science,A book about Environment for Qatari students.,1994,Arabic,Borrowed,11
442,Math Insights #442,Author 442,Sports,A book about Science for Qatari students.,1994,English,Borrowed,7
443,Literature Insights #443,Author 443,Math,A book about Math for Qatari students.,2000,Arabic,Available,12
444,Environment Insights #444,Author 444,Sports,A book about Sports for Qatari students.,2006,English,Available,9
445,Math Insights #445,Author 445,Sports,A book about Sports for Qatari students.,1995,Arabic,Borrowed,7
446,Sports Insights #446,Author 446,Literature,A book about Literature for Qatari students.,1991,Arabic,Borrowed,7
447,Science Insights #447,Author 447,Environment,A book about Literature for Qatari students.,1998,Arabic,Borrowed,7
448,Math Insights #448,Author 448,Sports,A book about Math for Qatari students.,1994,English,Borrowed,12
449,Literature Insights #449,Author 449,Environment,A book about Literature for Qatari students.,2022,Arabic,Available,7
450,Literature Insights #450,Author 450,Environment,A book about Science for Qatari students.,1994,Arabic,Borrowed,7
451,Environment Insights #451,Author 451,Sports,A book about Literature for Qatari students.,1991,English,Available,8
452,Science Insights #452,Author 452,Geography,A book about Literature for Qatari students.,2013,Arabic,Available,10
453,Science Insights #453,Author 453,Math,A book about Math for Qatari students.,2001,Arabic,Borrowed,7
454,Math Insights #454,Author 454,Science,A book about Sports for Qatari students.,2015,English,Borrowed,9
455,Science Insights #455,Author 455,Geography,A book about Environment for Qatari students.,2003,English,Borrowed,11
456,Environment Insights #456,Author 456,Sports,A book about Literature for Qatari students.,2018,English,Borrowed,11
457,Science Insights #457,Author 457,Literature,A book about Sports for Qatari students.,2009,Arabic,Borrowed,12
458,Geography Insights #458,Author 458,Literature,A book about Sports for Qatari students.,2006,English,Available,12
459,Environment Insights #459,Author 459,Science,A book about Math for Qatari students.,2006,Arabic,Available,12
460,Science Insights #460,Author 460,Sports,A book about Geography for Qatari students.,2009,English,Available,7
461,Math Insights #461,Author 461,Literature,A book about Sports for Qatari students.,2002,Arabic,Available,9
462,Literature Insights #462,Author 462,Math,A book about Environment for Qatari students.,1991,English,Borrowed,11
463,Math Insights #463,Author 463,Math,A book about Literature for Qatari students.,1994,Arabic,Available,10
464,Environment Insights #464,Author 464,Science,A book about Sports for Qatari students.,2009,English,Borrowed,8
465,Science Insights #465,Author 465,Geography,A book about Math for Qatari students.,2014,Arabic,Available,10
466,Math Insights #466,Author 466,Environment,A book about Math for Qatari students.,2000,Arabic,Borrowed,7
467,Environment Insights #467,Author 467,Math,A book about Environment for Qatari students.,1995,English,Available,8
468,Science Insights #468,Author 468,Math,A book about Literature for Qatari students.,2008,English,Available,12
469,Math Insights #469,Author 469,Literature,A book about Geography for Qatari students.,2020,English,Available,8
470,Literature Insights #470,Author 470,Math,A book about Literature for Qatari students.,2013,Arabic,Borrowed,11
471,Science Insights #471,Author 471,Sports,A book about Environment for Qatari students.,2013,Arabic,Borrowed,7
472,Science Insights #472,Author 472,Math,A book about Environment for Qatari students.,2022,English,Borrowed,12
473,Environment Insights #473,Author 473,Environment,A book about Literature for Qatari students.,2018,English,Available,9
474,Literature Insights #474,Author 474,Environment,A book about Sports for Qatari students.,1997,English,Borrowed,11
475,Science Insights #475,Author 475,Geography,A book about Science for Qatari students.,1993,Arabic,Available,9
476,Geography Insights #476,Author 476,Environment,A book about Environment for Qatari students.,1991,English,Borrowed,9
477,Geography Insights #477,Author 477,Math,A book about Geography for Qatari students.,1997,English,Available,9
478,Literature Insights #478,Author 478,Environment,A book about Math for Qatari students.,2012,Arabic,Borrowed,9
479,Literature Insights #479,Author 479,Geography,A book about Math for Qatari students.,1992,Arabic,Borrowed,11
480,Science Insights #480,Author 480,Sports,A book about Science for Qatari students.,2006,Arabic,Borrowed,10
481,Science Insights #481,Author 481,Literature,A book about Literature for Qatari students.,2001,English,Borrowed,9
482,Environment Insights #482,Author 482,Sports,A book about Math for Qatari students.,1990,English,Borrowed,9
483,Science Insights #483,Author 483,Sports,A book about Sports for Qatari students.,1996,English,Available,10
484,Environment Insights #484,Author 484,Literature,A book about Literature for Qatari students.,2002,Arabic,Available,11
485,Math Insights #485,Author 485,Literature,A book about Environment for Qatari students.,2009,Arabic,Borrowed,7
486,Sports Insights #486,Author 486,Science,A book about Literature for Qatari students.,2000,Arabic,Available,11
487,Literature Insights #487,Author 487,Math,A book about Math for Qatari students.,2004,Arabic,Available,12
488,Literature Insights #488,Author 488,Sports,A book about Literature for Qatari students.,2010,Arabic,Available,11
489,Science Insights #489,Author 489,Geography,A book about Science for Qatari students.,2016,English,Borrowed,12
490,Science Insights #490,Author 490,Sports,A book about Literature for Qatari students.,2018,English,Borrowed,10
491,Sports Insights #491,Author 491,Math,A book about Sports for Qatari students.,2021,English,Available,10
492,Literature Insights #492,Author 492,Geography,A book about Literature for Qatari students.,1996,English,Available,8
493,Sports Insights #493,Author 493,Environment,A book about Geography for Qatari students.,2007,Arabic,Borrowed,8
494,Geography Insights #494,Author 494,Geography,A book about Environment for Qatari students.,2020,Arabic,Available,12
495,Literature Insights #495,Author 495,Science,A book about Math for Qatari students.,2020,Arabic,Available,10
496,Environment Insights #496,Author 496,Geography,A book about Environment for Qatari students.,2014,Arabic,Available,8
497,Literature Insights #497,Author 497,Literature,A book about Literature for Qatari students.,2001,Arabic,Available,12
498,Geography Insights #498,Author 498,Sports,A book about Environment for Qatari students.,2019,Arabic,Available,10
499,Geography Insights #499,Author 499,Environment,A book about Sports for Qatari students.,2000,English,Available,9
1000,Qatar History for Grade 10 #0,Ahmad Al-Kuwari,History,Comprehensive Arabic history book for grade 10 students covering Qatar and Arab civilization.,2018,Arabic,Available,10
1001,Qatar History for Grade 10 #1,Ahmad Al-Kuwari,History,Comprehensive Arabic history book for grade 10 students covering Qatar and Arab civilization.,2018,Arabic,Available,10
1002,Qatar History for Grade 10 #2,Ahmad Al-Kuwari,History,Comprehensive Arabic history book for grade 10 students covering Qatar and Arab civilization.,2018,Arabic,Available,10
1003,Qatar History for Grade 10 #3,Ahmad Al-Kuwari,History,Comprehensive Arabic history book for grade 10 students covering Qatar and Arab civilization.,2018,Arabic,Available,10
1004,Qatar History for Grade 10 #4,Ahmad Al-Kuwari,History,Comprehensive Arabic history book for grade 10 students covering Qatar and Arab civilization.,2018,Arabic,Available,10
1005,Qatar History for Grade 10 #5,Ahmad Al-Kuwari,History,Comprehensive Arabic history book for grade 10 students covering Qatar and Arab civilization.,2018,Arabic,Available,10
1006,Qatar History for Grade 10 #6,Ahmad Al-Kuwari,History,Comprehensive Arabic history book for grade 10 students covering Qatar and Arab civilization.,2018,Arabic,Available,10
1007,Qatar History for Grade 10 #7,Ahmad Al-Kuwari,History,Comprehensive Arabic history book for grade 10 students covering Qatar and Arab civilization.,2018,Arabic,Available,10
1008,Qatar History for Grade 10 #8,Ahmad Al-Kuwari,History,Comprehensive Arabic history book for grade 10 students covering Qatar and Arab civilization.,2018,Arabic,Available,10
1009,Qatar History for Grade 10 #9,Ahmad Al-Kuwari,History,Comprehensive Arabic history book for grade 10 students covering Qatar and Arab civilization.,2018,Arabic,Available,10
1010,Qatar History for Grade 10 #10,Ahmad Al-Kuwari,History,Comprehensive Arabic history book for grade 10 students covering Qatar and Arab civilization.,2018,Arabic,Available,10
1011,Qatar History for Grade 10 #11,Ahmad Al-Kuwari,History,Comprehensive Arabic history book for grade 10 students covering Qatar and Arab civilization.,2018,Arabic,Available,10
1012,Qatar History for Grade 10 #12,Ahmad Al-Kuwari,History,Comprehensive Arabic history book for grade 10 students covering Qatar and Arab civilization.,2018,Arabic,Available,10
1013,Qatar History for Grade 10 #13,Ahmad Al-Kuwari,History,Comprehensive Arabic history book for grade 10 students covering Qatar and Arab civilization.,2018,Arabic,Available,10
1014,Qatar History for Grade 10 #14,Ahmad Al-Kuwari,History,Comprehensive Arabic history book for grade 10 students covering Qatar and Arab civilization.,2018,Arabic,Available,10
1015,Qatar History for Grade 10 #15,Ahmad Al-Kuwari,History,Comprehensive Arabic history book for grade 10 students covering Qatar and Arab civilization.,2018,Arabic,Available,10
1016,Qatar History for Grade 10 #16,Ahmad Al-Kuwari,History,Comprehensive Arabic history book for grade 10 students covering Qatar and Arab civilization.,2018,Arabic,Available,10
1017,Qatar History for Grade 10 #17,Ahmad Al-Kuwari,History,Comprehensive Arabic history book for grade 10 students covering Qatar and Arab civilization.,2018,Arabic,Available,10
1018,Qatar History for Grade 10 #18,Ahmad Al-Kuwari,History,Comprehensive Arabic history book for grade 10 students covering Qatar and Arab civilization.,2018,Arabic,Available,10
1019,Qatar History for Grade 10 #19,Ahmad Al-Kuwari,History,Comprehensive Arabic history book for grade 10 students covering Qatar and Arab civilization.,2018,Arabic,Available,10
1020,Qatar History for Grade 10 #20,Ahmad Al-Kuwari,History,Comprehensive Arabic history book for grade 10 students covering Qatar and Arab civilization.,2018,Arabic,Available,10
1021,Qatar History for Grade 10 #21,Ahmad Al-Kuwari,History,Comprehensive Arabic history book for grade 10 students covering Qatar and Arab civilization.,2018,Arabic,Available,10
1022,Qatar History for Grade 10 #22,Ahmad Al-Kuwari,History,Comprehensive Arabic history book for grade 10 students covering Qatar and Arab civilization.,2018,Arabic,Available,10
1023,Qatar History for Grade 10 #23,Ahmad Al-Kuwari,History,Comprehensive Arabic history book for grade 10 students covering Qatar and Arab civilization.,2018,Arabic,Available,10
1024,Qatar History for Grade 10 #24,Ahmad Al-Kuwari,History,Comprehensive Arabic history book for grade 10 students covering Qatar and Arab civilization.,2018,Arabic,Available,10
1025,Qatar History for Grade 10 #25,Ahmad Al-Kuwari,History,Comprehensive Arabic history book for grade 10 students covering Qatar and Arab civilization.,2018,Arabic,Available,10
1026,Qatar History for Grade 10 #26,Ahmad Al-Kuwari,History,Comprehensive Arabic history book for grade 10 students covering Qatar and Arab civilization.,2018,Arabic,Available,10
1027,Qatar History for Grade 10 #27,Ahmad Al-Kuwari,History,Comprehensive Arabic history book for grade 10 students covering Qatar and Arab civilization.,2018,Arabic,Available,10
1028,Qatar History for Grade 10 #28,Ahmad Al-Kuwari,History,Comprehensive Arabic history book for grade 10 students covering Qatar and Arab civilization.,2018,Arabic,Available,10
1029,Qatar History for Grade 10 #29,Ahmad Al-Kuwari,History,Comprehensive Arabic history book for grade 10 students covering Qatar and Arab civilization.,2018,Arabic,Available,10
1030,Qatar History for Grade 10 #30,Ahmad Al-Kuwari,History,Comprehensive Arabic history book for grade 10 students covering Qatar and Arab civilization.,2018,Arabic,Available,10
1031,Qatar History for Grade 10 #31,Ahmad Al-Kuwari,History,Comprehensive Arabic history book for grade 10 students covering Qatar and Arab civilization.,2018,Arabic,Available,10
1032,Qatar History for Grade 10 #32,Ahmad Al-Kuwari,History,Comprehensive Arabic history book for grade 10 students covering Qatar and Arab civilization.,2018,Arabic,Available,10
1033,Qatar History for Grade 10 #33,Ahmad Al-Kuwari,History,Comprehensive Arabic history book for grade 10 students covering Qatar and Arab civilization.,2018,Arabic,Available,10
1034,Qatar History for Grade 10 #34,Ahmad Al-Kuwari,History,Comprehensive Arabic history book for grade 10 students covering Qatar and Arab civilization.,2018,Arabic,Available,10
1035,Qatar History for Grade 10 #35,Ahmad Al-Kuwari,History,Comprehensive Arabic history book for grade 10 students covering Qatar and Arab civilization.,2018,Arabic,Available,10
1036,Qatar History for Grade 10 #36,Ahmad Al-Kuwari,History,Comprehensive Arabic history book for grade 10 students covering Qatar and Arab civilization.,2018,Arabic,Available,10
1037,Qatar History for Grade 10 #37,Ahmad Al-Kuwari,History,Comprehensive Arabic history book for grade 10 students covering Qatar and Arab civilization.,2018,Arabic,Available,10
1038,Qatar History for Grade 10 #38,Ahmad Al-Kuwari,History,Comprehensive Arabic history book for grade 10 students covering Qatar and Arab civilization.,2018,Arabic,Available,10
1039,Qatar History for Grade 10 #39,Ahmad Al-Kuwari,History,Comprehensive Arabic history book for grade 10 students covering Qatar and Arab civilization.,2018,Arabic,Available,10
1040,Qatar History for Grade 10 #40,Ahmad Al-Kuwari,History,Comprehensive Arabic history book for grade 10 students covering Qatar and Arab civilization.,2018,Arabic,Available,10
1041,Qatar History for Grade 10 #41,Ahmad Al-Kuwari,History,Comprehensive Arabic history book for grade 10 students covering Qatar and Arab civilization.,2018,Arabic,Available,10
1042,Qatar History for Grade 10 #42,Ahmad Al-Kuwari,History,Comprehensive Arabic history book for grade 10 students covering Qatar and Arab civilization.,2018,Arabic,Available,10
1043,Qatar History for Grade 10 #43,Ahmad Al-Kuwari,History,Comprehensive Arabic history book for grade 10 students covering Qatar and Arab civilization.,2018,Arabic,Available,10
1044,Qatar History for Grade 10 #44,Ahmad Al-Kuwari,History,Comprehensive Arabic history book for grade 10 students covering Qatar and Arab civilization.,2018,Arabic,Available,10
1045,Qatar History for Grade 10 #45,Ahmad Al-Kuwari,History,Comprehensive Arabic history book for grade 10 students covering Qatar and Arab civilization.,2018,Arabic,Available,10
1046,Qatar History for Grade 10 #46,Ahmad Al-Kuwari,History,Comprehensive Arabic history book for grade 10 students covering Qatar and Arab civilization.,2018,Arabic,Available,10
1047,Qatar History for Grade 10 #47,Ahmad Al-Kuwari,History,Comprehensive Arabic history book for grade 10 students covering Qatar and Arab civilization.,2018,Arabic,Available,10
1048,Qatar History for Grade 10 #48,Ahmad Al-Kuwari,History,Comprehensive Arabic history book for grade 10 students covering Qatar and Arab civilization.,2018,Arabic,Available,10
1049,Qatar History for Grade 10 #49,Ahmad Al-Kuwari,History,Comprehensive Arabic history book for grade 10 students covering Qatar and Arab civilization.,2018,Arabic,Available,10
